Name,Position,,,Rotation
PictureFrameD(Clone): 1,(0.7, 0.7, -3.6),(-0.1, 0.0, 0.0, 1.0)
paper(Clone): 1,(0.3, 0.7, -3.6),(0.0, 0.5, 0.0, -0.8)
Particle System,(-2.5, 0.8, -0.4),(0.0, 0.7, 0.0, 0.7)
Particle System,(-2.5, 0.8, -0.4),(0.0, 0.7, 0.0, 0.7)
Point light,(-2.5, 0.9, -0.4),(0.0, 0.7, 0.0, 0.7)
LampOil(Clone): 1,(-2.5, 0.8, -0.4),(0.0, 0.7, 0.0, 0.7)
plateDinner,(-2.9, 0.8, -1.1),(0.0, 0.7, 0.0, 0.7)
knife,(-2.8, 0.8, -1.2),(0.0, 0.7, 0.0, 0.7)
fork,(-2.9, 0.8, -1.1),(0.7, 0.0, 0.7, 0.0)
CG2(Clone): 1,(-2.9, 0.8, -1.1),(0.0, 0.7, 0.0, 0.7)
plateDinner,(-2.9, 0.8, -0.4),(0.0, 0.7, 0.0, 0.7)
spoon,(-2.6, 0.8, -0.5),(0.0, 0.0, 0.0, -1.0)
knife,(-2.9, 0.8, -0.6),(0.7, 0.0, 0.7, 0.0)
fork,(-2.9, 0.8, -0.2),(0.0, 0.7, 0.0, 0.7)
CG1(Clone): 1,(-2.9, 0.8, -0.4),(0.0, 0.7, 0.0, 0.7)
paper(Clone): 1,(-2.9, 0.8, 0.4),(0.0, 1.0, 0.0, -0.3)
plateDinner,(-2.2, 0.8, -1.1),(0.0, 0.7, 0.0, -0.7)
spoon,(-2.5, 0.8, -1.0),(0.0, -1.0, 0.0, 0.0)
knife,(-2.2, 0.8, -0.9),(0.7, 0.0, -0.7, 0.0)
fork,(-2.2, 0.8, -1.3),(0.0, 0.7, 0.0, -0.7)
CG1(Clone): 1,(-2.2, 0.8, -1.1),(0.0, 0.7, 0.0, -0.7)
paper(Clone): 1,(-2.2, 0.8, -0.4),(0.0, 0.4, 0.0, 0.9)
bookSingle(Clone): 1,(-2.2, 0.8, 0.3),(-0.5, 0.5, 0.5, -0.5)
SPD1 (1),(0.7, 0.8, -3.6),(-0.1, 0.0, 0.0, 1.0)
SPD1,(0.3, 0.8, -3.6),(0.0, 0.5, 0.0, -0.8)
Dresser(Clone): 12,(0.5, 0.0, -3.6),(0.0, 0.0, 0.0, 1.0)
tableClothA,(-1.8, 1.5, -3.7),(0.0, 0.0, 0.0, 1.0)
ClothForArmoire(Clone): 1,(-1.8, 1.4, -3.7),(0.0, 0.0, 0.0, 1.0)
plateDinner (9),(-1.8, 1.1, -3.6),(0.0, -1.0, 0.0, 0.0)
plateDinner (15),(-1.8, 1.2, -3.6),(0.0, -1.0, 0.0, 0.0)
plateDinner (11),(-1.8, 1.2, -3.6),(0.0, -1.0, 0.0, 0.0)
plateDinner (4),(-1.8, 1.1, -3.6),(0.0, -1.0, 0.0, 0.0)
plateDinner (14),(-1.8, 1.2, -3.6),(0.0, -1.0, 0.0, 0.0)
plateDinner (2),(-1.8, 1.0, -3.6),(0.0, -1.0, 0.0, 0.0)
plateDinner (16),(-1.8, 1.1, -3.6),(0.0, -1.0, 0.0, 0.0)
plateDinner (5),(-1.8, 1.0, -3.6),(0.0, -1.0, 0.0, 0.0)
plateDinner (17),(-1.8, 1.1, -3.6),(0.0, -1.0, 0.0, 0.0)
plateDinner (7),(-1.8, 1.1, -3.6),(0.0, -1.0, 0.0, 0.0)
plateDinner (6),(-1.8, 1.1, -3.6),(0.0, -1.0, 0.0, 0.0)
plateDinner (13),(-1.8, 1.2, -3.6),(0.0, -1.0, 0.0, 0.0)
plateDinner (12),(-1.8, 1.2, -3.6),(0.0, -1.0, 0.0, 0.0)
plateDinner (3),(-1.8, 1.0, -3.6),(0.0, -1.0, 0.0, 0.0)
plateDinner (8),(-1.8, 1.1, -3.6),(0.0, -1.0, 0.0, 0.0)
plateDinner (10),(-1.8, 1.2, -3.6),(0.0, -1.0, 0.0, 0.0)
PlatesStack(Clone): 1,(-1.8, 1.1, -3.7),(0.0, 0.0, 0.0, 1.0)
plateDinner (9),(-1.3, 1.4, -3.6),(0.0, -1.0, 0.0, 0.0)
plateDinner (15),(-1.3, 1.5, -3.6),(0.0, -1.0, 0.0, 0.0)
plateDinner (11),(-1.3, 1.5, -3.6),(0.0, -1.0, 0.0, 0.0)
plateDinner (4),(-1.3, 1.4, -3.6),(0.0, -1.0, 0.0, 0.0)
plateDinner (14),(-1.3, 1.5, -3.6),(0.0, -1.0, 0.0, 0.0)
plateDinner (2),(-1.3, 1.4, -3.6),(0.0, -1.0, 0.0, 0.0)
plateDinner (16),(-1.3, 1.5, -3.6),(0.0, -1.0, 0.0, 0.0)
plateDinner (5),(-1.3, 1.4, -3.6),(0.0, -1.0, 0.0, 0.0)
plateDinner (17),(-1.3, 1.5, -3.6),(0.0, -1.0, 0.0, 0.0)
plateDinner (7),(-1.3, 1.5, -3.6),(0.0, -1.0, 0.0, 0.0)
plateDinner (6),(-1.3, 1.4, -3.6),(0.0, -1.0, 0.0, 0.0)
plateDinner (13),(-1.3, 1.5, -3.6),(0.0, -1.0, 0.0, 0.0)
plateDinner (12),(-1.3, 1.6, -3.6),(0.0, -1.0, 0.0, 0.0)
plateDinner (3),(-1.3, 1.4, -3.6),(0.0, -1.0, 0.0, 0.0)
plateDinner (8),(-1.3, 1.4, -3.6),(0.0, -1.0, 0.0, 0.0)
plateDinner (10),(-1.3, 1.5, -3.6),(0.0, -1.0, 0.0, 0.0)
PlatesStack(Clone): 1,(-1.3, 1.4, -3.7),(0.0, 0.0, 0.0, 1.0)
knife (4),(-1.5, 1.0, -3.6),(0.0, -1.0, 0.0, 0.0)
knife (3),(-1.5, 1.0, -3.6),(0.0, -1.0, 0.0, 0.0)
fork (4),(-1.4, 1.0, -3.6),(0.0, -1.0, 0.0, 0.0)
fork (3),(-1.4, 1.0, -3.6),(0.0, -1.0, 0.0, 0.0)
spoon (4),(-1.1, 1.0, -3.6),(0.0, -1.0, 0.0, 0.0)
spoon (3),(-1.2, 1.0, -3.6),(0.0, -1.0, 0.0, 0.0)
fork (2),(-1.3, 1.0, -3.6),(0.0, -1.0, 0.0, 0.0)
knife (2),(-1.4, 1.0, -3.6),(0.0, -1.0, 0.0, 0.0)
spoon (2),(-1.3, 1.0, -3.6),(0.0, -1.0, 0.0, 0.0)
UtensilsRow(Clone): 1,(-1.3, 1.1, -3.7),(0.0, 0.0, 0.0, 1.0)
knife (4),(-1.9, 0.7, -3.6),(0.0, -1.0, 0.0, 0.0)
knife (3),(-1.9, 0.7, -3.6),(0.0, -1.0, 0.0, 0.0)
fork (4),(-1.8, 0.7, -3.6),(0.0, -1.0, 0.0, 0.0)
fork (3),(-1.8, 0.7, -3.6),(0.0, -1.0, 0.0, 0.0)
spoon (4),(-1.6, 0.7, -3.6),(0.0, -1.0, 0.0, 0.0)
spoon (3),(-1.6, 0.7, -3.6),(0.0, -1.0, 0.0, 0.0)
fork (2),(-1.8, 0.7, -3.6),(0.0, -1.0, 0.0, 0.0)
knife (2),(-1.9, 0.7, -3.6),(0.0, -1.0, 0.0, 0.0)
spoon (2),(-1.7, 0.7, -3.6),(0.0, -1.0, 0.0, 0.0)
UtensilsRow(Clone): 1,(-1.8, 0.8, -3.7),(0.0, 0.0, 0.0, 1.0)
tableClothA,(-1.3, 0.8, -3.7),(0.0, 0.0, 0.0, 1.0)
ClothForArmoire(Clone): 1,(-1.3, 0.8, -3.7),(0.0, 0.0, 0.0, 1.0)
bookCoversB(Clone): 1,(-1.8, 1.8, -3.5),(0.0, -0.7, -0.7, 0.0)
SPA1 right 2,(-1.8, 1.4, -3.7),(0.0, 0.0, 0.0, 1.0)
SPA1 right 1,(-1.8, 1.1, -3.7),(0.0, 0.0, 0.0, 1.0)
SPA1 left 2,(-1.3, 1.4, -3.7),(0.0, 0.0, 0.0, 1.0)
SPA1 left 1,(-1.3, 1.1, -3.7),(0.0, 0.0, 0.0, 1.0)
SPA1 bot 2,(-1.8, 0.8, -3.7),(0.0, 0.0, 0.0, 1.0)
SPA1 bot 1,(-1.3, 0.8, -3.7),(0.0, 0.0, 0.0, 1.0)
SPA1 top 2,(-1.8, 1.8, -3.5),(0.0, -0.7, -0.7, 0.0)
armoire(Clone): 11,(-1.6, 0.0, -3.7),(0.0, 0.0, 0.0, 1.0)
SPBK1-Half,(2.2, 0.2, -3.5),(0.0, 0.4, 0.0, -0.9)
SPBK1 (3),(2.4, 0.1, -3.5),(0.0, 0.0, 0.0, 1.0)
SPBK1 (2),(2.8, 0.1, -3.5),(0.0, 0.0, 0.0, 1.0)
SPBK1,(3.6, 0.1, -3.5),(0.0, 0.0, 0.0, 1.0)
Shelf6,(2.9, 0.1, -3.7),(0.0, 0.0, 0.0, 1.0)
SPBK1-Half,(2.3, 0.5, -3.5),(0.0, -0.7, 0.0, 0.7)
SPBK1 (3),(2.4, 0.3, -3.5),(0.0, 0.0, 0.0, 1.0)
SPBK1 (2),(2.8, 0.3, -3.5),(0.0, 0.0, 0.0, 1.0)
SPBK1,(3.6, 0.3, -3.5),(0.0, 0.0, 0.0, 1.0)
Shelf5,(2.9, 0.3, -3.7),(0.0, 0.0, 0.0, 1.0)
SPBK1-Half,(3.8, 0.8, -3.5),(0.0, 0.9, 0.0, -0.4)
SPBK1 (3),(2.2, 0.7, -3.5),(0.0, 0.0, 0.0, 1.0)
SPBK1 (1),(3.0, 0.7, -3.5),(0.0, 0.0, 0.0, 1.0)
SPBK1,(3.4, 0.7, -3.5),(0.0, 0.0, 0.0, 1.0)
Shelf4,(2.9, 0.7, -3.7),(0.0, 0.0, 0.0, 1.0)
SPBK1-Half,(3.8, 1.5, -3.5),(0.0, 0.9, 0.0, -0.4)
SPBK1 (3),(2.2, 1.4, -3.5),(0.0, 0.0, 0.0, 1.0)
SPBK1 (2),(2.6, 1.4, -3.5),(0.0, 0.0, 0.0, 1.0)
SPBK1 (1),(3.0, 1.4, -3.5),(0.0, 0.0, 0.0, 1.0)
Shelf2,(2.9, 1.4, -3.7),(0.0, 0.0, 0.0, 1.0)
bookA (31),(2.1, 1.8, -3.7),(0.5, 0.5, 0.5, 0.5)
bookA (30),(2.1, 1.7, -3.7),(0.5, 0.5, 0.5, 0.5)
bookA (28),(2.1, 1.9, -3.7),(0.5, 0.5, 0.5, 0.5)
bookA (27),(2.1, 1.8, -3.7),(0.5, 0.5, 0.5, 0.5)
bookStackBlueStanding,(2.1, 1.8, -3.7),(0.0, 0.0, 0.0, 1.0)
SPBK1 (4),(2.3, 1.8, -3.5),(0.0, 0.0, 0.0, 1.0)
SPBK1 (3),(2.7, 1.8, -3.5),(0.0, 0.0, 0.0, 1.0)
SPBK1 (2),(3.0, 1.8, -3.5),(0.0, 0.0, 0.0, 1.0)
SPBK1 (1),(3.4, 1.8, -3.5),(0.0, 0.0, 0.0, 1.0)
SPBK1,(3.7, 1.8, -3.5),(0.0, 0.0, 0.0, 1.0)
Shelf1,(2.9, 1.8, -3.7),(0.0, 0.0, 0.0, 1.0)
Bookcase(Clone): 10,(2.9, 0.0, -3.7),(0.0, 0.0, 0.0, 1.0)
plateDinner (9),(-3.7, 1.4, -3.6),(0.0, -1.0, 0.0, 0.0)
plateDinner (15),(-3.7, 1.5, -3.6),(0.0, -1.0, 0.0, 0.0)
plateDinner (11),(-3.7, 1.5, -3.6),(0.0, -1.0, 0.0, 0.0)
plateDinner (4),(-3.7, 1.4, -3.6),(0.0, -1.0, 0.0, 0.0)
plateDinner (14),(-3.7, 1.5, -3.6),(0.0, -1.0, 0.0, 0.0)
plateDinner (2),(-3.7, 1.4, -3.6),(0.0, -1.0, 0.0, 0.0)
plateDinner (16),(-3.7, 1.5, -3.6),(0.0, -1.0, 0.0, 0.0)
plateDinner (5),(-3.7, 1.4, -3.6),(0.0, -1.0, 0.0, 0.0)
plateDinner (17),(-3.7, 1.5, -3.6),(0.0, -1.0, 0.0, 0.0)
plateDinner (7),(-3.7, 1.5, -3.6),(0.0, -1.0, 0.0, 0.0)
plateDinner (6),(-3.7, 1.4, -3.6),(0.0, -1.0, 0.0, 0.0)
plateDinner (13),(-3.7, 1.5, -3.6),(0.0, -1.0, 0.0, 0.0)
plateDinner (12),(-3.7, 1.6, -3.6),(0.0, -1.0, 0.0, 0.0)
plateDinner (3),(-3.7, 1.4, -3.6),(0.0, -1.0, 0.0, 0.0)
plateDinner (8),(-3.7, 1.4, -3.6),(0.0, -1.0, 0.0, 0.0)
plateDinner (10),(-3.7, 1.5, -3.6),(0.0, -1.0, 0.0, 0.0)
PlatesStack(Clone): 1,(-3.7, 1.4, -3.7),(0.0, 0.0, 0.0, 1.0)
tableClothA,(-3.7, 1.2, -3.6),(0.0, -1.0, 0.0, 0.0)
plateDinner,(-3.7, 1.1, -3.5),(0.0, -0.9, -0.5, 0.0)
PlateWithCloth(Clone): 1,(-3.7, 1.1, -3.7),(0.0, 0.0, 0.0, 1.0)
tableClothA,(-3.2, 1.5, -3.7),(0.0, 0.0, 0.0, 1.0)
ClothForArmoire(Clone): 1,(-3.2, 1.4, -3.7),(0.0, 0.0, 0.0, 1.0)
tableClothA,(-3.2, 1.2, -3.6),(0.0, -1.0, 0.0, 0.0)
plateDinner,(-3.2, 1.1, -3.5),(0.0, -0.9, -0.5, 0.0)
PlateWithCloth(Clone): 1,(-3.2, 1.1, -3.7),(0.0, 0.0, 0.0, 1.0)
knife (4),(-3.4, 0.7, -3.6),(0.0, -1.0, 0.0, 0.0)
knife (3),(-3.4, 0.7, -3.6),(0.0, -1.0, 0.0, 0.0)
fork (4),(-3.3, 0.7, -3.6),(0.0, -1.0, 0.0, 0.0)
fork (3),(-3.3, 0.7, -3.6),(0.0, -1.0, 0.0, 0.0)
spoon (4),(-3.1, 0.7, -3.6),(0.0, -1.0, 0.0, 0.0)
spoon (3),(-3.1, 0.7, -3.6),(0.0, -1.0, 0.0, 0.0)
fork (2),(-3.2, 0.7, -3.6),(0.0, -1.0, 0.0, 0.0)
knife (2),(-3.4, 0.7, -3.6),(0.0, -1.0, 0.0, 0.0)
spoon (2),(-3.2, 0.7, -3.6),(0.0, -1.0, 0.0, 0.0)
UtensilsRow(Clone): 1,(-3.2, 0.8, -3.7),(0.0, 0.0, 0.0, 1.0)
bookCoversB(Clone): 1,(-3.7, 1.8, -3.5),(0.0, -0.7, -0.7, 0.0)
bookCoversB(Clone): 1,(-3.2, 1.8, -3.5),(0.0, -0.7, -0.7, 0.0)
SPA1 right 2,(-3.7, 1.4, -3.7),(0.0, 0.0, 0.0, 1.0)
SPA1 right 1,(-3.7, 1.1, -3.7),(0.0, 0.0, 0.0, 1.0)
SPA1 left 2,(-3.2, 1.4, -3.7),(0.0, 0.0, 0.0, 1.0)
SPA1 left 1,(-3.2, 1.1, -3.7),(0.0, 0.0, 0.0, 1.0)
SPA1 bot 1,(-3.2, 0.8, -3.7),(0.0, 0.0, 0.0, 1.0)
SPA1 top 2,(-3.7, 1.8, -3.5),(0.0, -0.7, -0.7, 0.0)
SPA1 top 1,(-3.2, 1.8, -3.5),(0.0, -0.7, -0.7, 0.0)
armoire(Clone): 9,(-3.5, 0.0, -3.7),(0.0, 0.0, 0.0, 1.0)
bookC (4),(1.7, 0.1, 3.5),(-0.7, -0.7, 0.3, 0.3)
bookC (3),(1.7, 0.1, 3.5),(-0.7, -0.7, 0.3, 0.3)
bookC (2),(1.7, 0.3, 3.5),(-0.7, -0.7, 0.3, 0.3)
bookC (1),(1.7, 0.2, 3.5),(-0.7, -0.7, 0.3, 0.3)
bookC,(1.7, 0.2, 3.5),(-0.7, -0.7, 0.3, 0.3)
BlackBooksStack(Clone): 1,(1.7, 0.2, 3.5),(0.0, -0.9, 0.0, -0.4)
bookC (7),(1.2, 0.1, 3.5),(0.0, 1.0, 0.0, 0.0)
bookC (6),(1.2, 0.1, 3.5),(0.0, 1.0, 0.0, 0.0)
bookC (5),(1.1, 0.1, 3.5),(0.0, 1.0, 0.0, 0.0)
bookC (4),(0.9, 0.1, 3.5),(0.0, 1.0, 0.0, 0.0)
bookC (2),(1.0, 0.1, 3.5),(0.0, 1.0, 0.0, 0.0)
bookC (1),(1.0, 0.1, 3.5),(0.0, 1.0, 0.0, 0.0)
bookC,(1.1, 0.1, 3.5),(0.0, 1.0, 0.0, 0.0)
BlackBooksRow(Clone): 1,(1.1, 0.1, 3.5),(0.0, 1.0, 0.0, 0.0)
bookA (7),(0.8, 0.1, 3.5),(0.0, 1.0, 0.0, 0.0)
bookA (6),(0.8, 0.1, 3.5),(0.0, 1.0, 0.0, 0.0)
bookA (5),(0.7, 0.1, 3.5),(0.0, 1.0, 0.0, 0.0)
bookA (3),(0.5, 0.1, 3.5),(0.0, 1.0, 0.0, 0.0)
bookA (2),(0.6, 0.1, 3.5),(0.0, 1.0, 0.0, 0.0)
bookA (1),(0.6, 0.1, 3.5),(0.0, 1.0, 0.0, 0.0)
bookA,(0.7, 0.1, 3.5),(0.0, 1.0, 0.0, 0.0)
BlueBooksRow(Clone): 1,(0.7, 0.1, 3.5),(0.0, 1.0, 0.0, 0.0)
bookA (7),(0.4, 0.1, 3.5),(-0.1, 1.0, 0.0, 0.0)
bookA (4),(0.1, 0.1, 3.5),(0.0, 1.0, 0.0, 0.0)
bookA (3),(0.1, 0.1, 3.5),(0.0, 1.0, 0.0, 0.0)
bookA (2),(0.2, 0.1, 3.5),(0.0, 1.0, 0.0, 0.0)
bookA (1),(0.2, 0.1, 3.5),(0.0, 1.0, 0.0, 0.0)
bookA,(0.3, 0.1, 3.5),(0.0, 1.0, 0.0, 0.0)
BlueBooksRowB(Clone): 1,(0.3, 0.1, 3.5),(0.0, 1.0, 0.0, 0.0)
bookB (3),(1.7, 0.5, 3.5),(0.7, 0.7, 0.0, 0.0)
bookB (2),(1.7, 0.4, 3.5),(0.7, 0.7, 0.0, 0.0)
bookB (1),(1.7, 0.4, 3.5),(0.7, 0.7, 0.0, 0.0)
bookB,(1.7, 0.5, 3.5),(0.7, 0.7, 0.0, 0.0)
RedBooksStack(Clone): 1,(1.7, 0.5, 3.5),(0.0, 0.7, 0.0, 0.7)
bookC (7),(1.2, 0.3, 3.5),(0.0, 1.0, 0.0, 0.0)
bookC (6),(1.2, 0.3, 3.5),(0.0, 1.0, 0.0, 0.0)
bookC (5),(1.1, 0.3, 3.5),(0.0, 1.0, 0.0, 0.0)
bookC (4),(0.9, 0.3, 3.5),(0.0, 1.0, 0.0, 0.0)
bookC (3),(0.9, 0.3, 3.5),(0.0, 1.0, 0.0, 0.0)
bookC (2),(1.0, 0.3, 3.5),(0.0, 1.0, 0.0, 0.0)
bookC (1),(1.0, 0.3, 3.5),(0.0, 1.0, 0.0, 0.0)
BlackBooksRow(Clone): 1,(1.1, 0.3, 3.5),(0.0, 1.0, 0.0, 0.0)
bookB (7),(0.8, 0.3, 3.5),(0.0, 1.0, 0.0, 0.0)
bookB (6),(0.8, 0.3, 3.5),(0.0, 1.0, 0.0, 0.0)
bookB (5),(0.7, 0.3, 3.5),(0.0, 1.0, 0.0, 0.0)
bookB (4),(0.5, 0.3, 3.5),(0.0, 1.0, 0.0, 0.0)
bookB (3),(0.5, 0.3, 3.5),(0.0, 1.0, 0.0, 0.0)
bookB (2),(0.6, 0.3, 3.5),(0.0, 1.0, 0.0, 0.0)
bookB (1),(0.6, 0.3, 3.5),(0.0, 1.0, 0.0, 0.0)
RedBooksRow(Clone): 1,(0.7, 0.3, 3.5),(0.0, 1.0, 0.0, 0.0)
bookB (7),(0.4, 0.3, 3.5),(0.0, 1.0, 0.0, 0.0)
bookB (6),(0.4, 0.3, 3.5),(0.0, 1.0, 0.0, 0.0)
bookB (5),(0.3, 0.3, 3.5),(0.0, 1.0, 0.0, 0.0)
bookB (4),(0.1, 0.3, 3.5),(0.0, 1.0, 0.0, 0.0)
bookB (3),(0.1, 0.3, 3.5),(0.0, 1.0, 0.0, 0.0)
bookB (2),(0.2, 0.3, 3.5),(0.0, 1.0, 0.0, 0.0)
bookB,(0.3, 0.3, 3.5),(0.0, 1.0, 0.0, 0.0)
RedBooksRow(Clone): 1,(0.3, 0.3, 3.5),(0.0, 1.0, 0.0, 0.0)
bookA (5),(0.2, 0.8, 3.5),(-0.7, -0.7, -0.3, -0.3)
bookA (4),(0.2, 0.7, 3.5),(-0.7, -0.7, -0.3, -0.3)
bookA (3),(0.2, 0.9, 3.5),(-0.7, -0.7, -0.3, -0.3)
bookA (2),(0.2, 0.9, 3.5),(-0.7, -0.7, -0.3, -0.3)
bookA,(0.2, 0.8, 3.5),(-0.7, -0.7, -0.3, -0.3)
BlueBookStack(Clone): 1,(0.2, 0.8, 3.5),(0.0, -0.4, 0.0, -0.9)
bookB (5),(1.9, 0.7, 3.5),(-0.1, 1.0, 0.0, 0.0)
bookB (4),(1.6, 0.7, 3.5),(0.0, 1.0, 0.0, 0.0)
bookB (3),(1.6, 0.7, 3.5),(0.0, 1.0, 0.0, 0.0)
bookB (2),(1.7, 0.7, 3.5),(0.0, 1.0, 0.0, 0.0)
bookB (1),(1.7, 0.7, 3.5),(0.0, 1.0, 0.0, 0.0)
bookB,(1.8, 0.7, 3.5),(0.0, 1.0, 0.0, 0.0)
RedBooksRowB(Clone): 1,(1.8, 0.7, 3.5),(0.0, 1.0, 0.0, 0.0)
bookB (5),(1.5, 0.7, 3.5),(-0.1, 1.0, 0.0, 0.0)
bookB (4),(1.2, 0.7, 3.5),(0.0, 1.0, 0.0, 0.0)
bookB (3),(1.2, 0.7, 3.5),(0.0, 1.0, 0.0, 0.0)
bookB (2),(1.3, 0.7, 3.5),(0.0, 1.0, 0.0, 0.0)
bookB (1),(1.3, 0.7, 3.5),(0.0, 1.0, 0.0, 0.0)
bookB,(1.4, 0.7, 3.5),(0.0, 1.0, 0.0, 0.0)
RedBooksRowB(Clone): 1,(1.4, 0.7, 3.5),(0.0, 1.0, 0.0, 0.0)
bookB (7),(0.7, 0.7, 3.5),(0.0, 1.0, 0.0, 0.0)
bookB (6),(0.7, 0.7, 3.5),(0.0, 1.0, 0.0, 0.0)
bookB (4),(0.4, 0.7, 3.5),(0.0, 1.0, 0.0, 0.0)
bookB (3),(0.4, 0.7, 3.5),(0.0, 1.0, 0.0, 0.0)
bookB (2),(0.5, 0.7, 3.5),(0.0, 1.0, 0.0, 0.0)
bookB (1),(0.5, 0.7, 3.5),(0.0, 1.0, 0.0, 0.0)
bookB,(0.6, 0.7, 3.5),(0.0, 1.0, 0.0, 0.0)
RedBooksRow(Clone): 1,(0.6, 0.7, 3.5),(0.0, 1.0, 0.0, 0.0)
bookA (5),(0.2, 1.4, 3.5),(-0.7, -0.7, -0.3, -0.3)
bookA (4),(0.2, 1.4, 3.5),(-0.7, -0.7, -0.3, -0.3)
bookA (3),(0.2, 1.6, 3.5),(-0.7, -0.7, -0.3, -0.3)
bookA (2),(0.2, 1.5, 3.5),(-0.7, -0.7, -0.3, -0.3)
bookA,(0.2, 1.5, 3.5),(-0.7, -0.7, -0.3, -0.3)
BlueBookStack(Clone): 1,(0.2, 1.5, 3.5),(0.0, -0.4, 0.0, -0.9)
bookA (7),(1.5, 1.4, 3.5),(0.0, 1.0, 0.0, 0.0)
bookA (6),(1.5, 1.4, 3.5),(0.0, 1.0, 0.0, 0.0)
bookA (4),(1.2, 1.4, 3.5),(0.0, 1.0, 0.0, 0.0)
bookA (3),(1.2, 1.4, 3.5),(0.0, 1.0, 0.0, 0.0)
bookA (2),(1.3, 1.4, 3.5),(0.0, 1.0, 0.0, 0.0)
bookA (1),(1.3, 1.4, 3.5),(0.0, 1.0, 0.0, 0.0)
bookA,(1.4, 1.4, 3.5),(0.0, 1.0, 0.0, 0.0)
BlueBooksRow(Clone): 1,(1.4, 1.4, 3.5),(0.0, 1.0, 0.0, 0.0)
bookC (7),(1.1, 1.4, 3.5),(0.0, 1.0, 0.0, 0.0)
bookC (6),(1.1, 1.4, 3.5),(0.0, 1.0, 0.0, 0.0)
bookC (5),(1.0, 1.4, 3.5),(0.0, 1.0, 0.0, 0.0)
bookC (4),(0.8, 1.4, 3.5),(0.0, 1.0, 0.0, 0.0)
bookC (3),(0.8, 1.4, 3.5),(0.0, 1.0, 0.0, 0.0)
bookC (2),(0.9, 1.4, 3.5),(0.0, 1.0, 0.0, 0.0)
bookC (1),(0.9, 1.4, 3.5),(0.0, 1.0, 0.0, 0.0)
BlackBooksRow(Clone): 1,(1.0, 1.4, 3.5),(0.0, 1.0, 0.0, 0.0)
bookD (7),(0.7, 1.4, 3.5),(0.0, 1.0, 0.0, 0.0)
bookD (5),(0.6, 1.4, 3.5),(0.0, 1.0, 0.0, 0.0)
bookD (4),(0.4, 1.4, 3.5),(0.0, 1.0, 0.0, 0.0)
bookD (3),(0.4, 1.4, 3.5),(0.0, 1.0, 0.0, 0.0)
bookD (2),(0.5, 1.4, 3.5),(0.0, 1.0, 0.0, 0.0)
bookD (1),(0.5, 1.4, 3.5),(0.0, 1.0, 0.0, 0.0)
bookD,(0.6, 1.4, 3.5),(0.0, 1.0, 0.0, 0.0)
GreenBooksRow(Clone): 1,(0.6, 1.4, 3.5),(0.0, 1.0, 0.0, 0.0)
bookCoversA(Clone): 1,(1.6, 1.8, 3.5),(0.7, 0.0, 0.0, -0.7)
bookCoversA(Clone): 1,(1.3, 1.8, 3.5),(0.7, 0.0, 0.0, -0.7)
bookCoversB(Clone): 1,(0.9, 1.8, 3.5),(-0.7, 0.0, 0.0, 0.7)
bookCoversB(Clone): 1,(0.6, 1.8, 3.5),(-0.7, 0.0, 0.0, 0.7)
bookCoversB(Clone): 1,(0.2, 1.8, 3.5),(-0.7, 0.0, 0.0, 0.7)
SPBK1-Half,(1.7, 0.2, 3.5),(0.0, -0.9, 0.0, -0.4)
SPBK1 (2),(1.1, 0.1, 3.5),(0.0, 1.0, 0.0, 0.0)
SPBK1 (1),(0.7, 0.1, 3.5),(0.0, 1.0, 0.0, 0.0)
SPBK1,(0.3, 0.1, 3.5),(0.0, 1.0, 0.0, 0.0)
Shelf6,(1.0, 0.1, 3.7),(0.0, 1.0, 0.0, 0.0)
SPBK1-Half,(1.7, 0.5, 3.5),(0.0, 0.7, 0.0, 0.7)
SPBK1 (2),(1.1, 0.3, 3.5),(0.0, 1.0, 0.0, 0.0)
SPBK1 (1),(0.7, 0.3, 3.5),(0.0, 1.0, 0.0, 0.0)
SPBK1,(0.3, 0.3, 3.5),(0.0, 1.0, 0.0, 0.0)
Shelf5,(1.0, 0.3, 3.7),(0.0, 1.0, 0.0, 0.0)
SPBK1-Half,(0.2, 0.8, 3.5),(0.0, -0.4, 0.0, -0.9)
SPBK1 (3),(1.8, 0.7, 3.5),(0.0, 1.0, 0.0, 0.0)
SPBK1 (2),(1.4, 0.7, 3.5),(0.0, 1.0, 0.0, 0.0)
SPBK1,(0.6, 0.7, 3.5),(0.0, 1.0, 0.0, 0.0)
Shelf4,(1.1, 0.7, 3.7),(0.0, 1.0, 0.0, 0.0)
SPBK1-Half,(0.2, 1.5, 3.5),(0.0, -0.4, 0.0, -0.9)
SPBK1 (2),(1.4, 1.4, 3.5),(0.0, 1.0, 0.0, 0.0)
SPBK1 (1),(1.0, 1.4, 3.5),(0.0, 1.0, 0.0, 0.0)
SPBK1,(0.6, 1.4, 3.5),(0.0, 1.0, 0.0, 0.0)
Shelf2,(1.1, 1.4, 3.7),(0.0, 1.0, 0.0, 0.0)
bookA (31),(1.9, 1.8, 3.7),(0.5, 0.5, -0.5, -0.5)
bookA (30),(1.9, 1.7, 3.7),(0.5, 0.5, -0.5, -0.5)
bookA (28),(1.9, 1.9, 3.7),(0.5, 0.5, -0.5, -0.5)
bookA (27),(1.9, 1.8, 3.7),(0.5, 0.5, -0.5, -0.5)
bookStackBlueStanding,(1.9, 1.8, 3.7),(0.0, 1.0, 0.0, 0.0)
SPBK1 (4),(1.6, 1.8, 3.5),(0.0, 1.0, 0.0, 0.0)
SPBK1 (3),(1.3, 1.8, 3.5),(0.0, 1.0, 0.0, 0.0)
SPBK1 (2),(0.9, 1.8, 3.5),(0.0, 1.0, 0.0, 0.0)
SPBK1 (1),(0.6, 1.8, 3.5),(0.0, 1.0, 0.0, 0.0)
SPBK1,(0.2, 1.8, 3.5),(0.0, 1.0, 0.0, 0.0)
Shelf1,(1.0, 1.8, 3.7),(0.0, 1.0, 0.0, 0.0)
Bookcase(Clone): 8,(1.0, 0.0, 3.7),(0.0, 1.0, 0.0, 0.0)
tableClothB,(-2.5, 1.1, -0.4),(0.0, 0.7, 0.0, 0.7)
TableCloth,(-2.5, 0.0, -0.4),(0.0, 0.7, 0.0, 0.7)
SP3,(-2.9, 0.8, -1.1),(0.0, 0.7, 0.0, 0.7)
SP2 (1),(-2.9, 0.8, -0.4),(0.0, 0.7, 0.0, 0.7)
SP1 (5),(-2.9, 0.8, 0.4),(0.0, 1.0, 0.0, -0.3)
SP1,(-2.2, 0.8, -1.1),(0.0, 0.7, 0.0, -0.7)
SP3 (1),(-2.2, 0.8, -0.4),(0.0, 0.4, 0.0, 0.9)
SP1 (4),(-2.2, 0.8, 0.4),(-0.5, 0.5, 0.5, -0.5)
tableDinner(Clone): 7,(-2.5, 0.0, -0.4),(0.0, 0.7, 0.0, 0.7)
bookD (4),(-2.2, 0.1, 3.5),(-0.7, -0.7, 0.3, 0.3)
bookD (3),(-2.2, 0.1, 3.5),(-0.7, -0.7, 0.3, 0.3)
bookD,(-2.2, 0.2, 3.5),(-0.7, -0.7, 0.3, 0.3)
GreenBooksStack(Clone): 1,(-2.2, 0.2, 3.5),(0.0, -0.9, 0.0, -0.4)
bookA (7),(-2.3, 0.1, 3.5),(0.0, 1.0, 0.0, 0.0)
bookA (6),(-2.3, 0.1, 3.5),(0.0, 1.0, 0.0, 0.0)
bookA (5),(-2.4, 0.1, 3.5),(0.0, 1.0, 0.0, 0.0)
bookA (4),(-2.6, 0.1, 3.5),(0.0, 1.0, 0.0, 0.0)
bookA (3),(-2.6, 0.1, 3.5),(0.0, 1.0, 0.0, 0.0)
bookA (1),(-2.5, 0.1, 3.5),(0.0, 1.0, 0.0, 0.0)
bookA,(-2.4, 0.1, 3.5),(0.0, 1.0, 0.0, 0.0)
BlueBooksRow(Clone): 1,(-2.4, 0.1, 3.5),(0.0, 1.0, 0.0, 0.0)
bookA (7),(-2.7, 0.1, 3.5),(0.0, 1.0, 0.0, 0.0)
bookA (5),(-2.8, 0.1, 3.5),(0.0, 1.0, 0.0, 0.0)
bookA (4),(-3.0, 0.1, 3.5),(0.0, 1.0, 0.0, 0.0)
bookA (3),(-3.0, 0.1, 3.5),(0.0, 1.0, 0.0, 0.0)
bookA (2),(-2.9, 0.1, 3.5),(0.0, 1.0, 0.0, 0.0)
bookA (1),(-2.9, 0.1, 3.5),(0.0, 1.0, 0.0, 0.0)
bookA,(-2.8, 0.1, 3.5),(0.0, 1.0, 0.0, 0.0)
BlueBooksRow(Clone): 1,(-2.8, 0.1, 3.5),(0.0, 1.0, 0.0, 0.0)
bookC (7),(-3.5, 0.1, 3.5),(0.0, 1.0, 0.0, 0.0)
bookC (6),(-3.5, 0.1, 3.5),(0.0, 1.0, 0.0, 0.0)
bookC (5),(-3.6, 0.1, 3.5),(0.0, 1.0, 0.0, 0.0)
bookC (4),(-3.8, 0.1, 3.5),(0.0, 1.0, 0.0, 0.0)
bookC (3),(-3.8, 0.1, 3.5),(0.0, 1.0, 0.0, 0.0)
bookC (1),(-3.7, 0.1, 3.5),(0.0, 1.0, 0.0, 0.0)
bookC,(-3.6, 0.1, 3.5),(0.0, 1.0, 0.0, 0.0)
BlackBooksRow(Clone): 1,(-3.6, 0.1, 3.5),(0.0, 1.0, 0.0, 0.0)
bookB (3),(-3.8, 0.9, 3.5),(-0.7, -0.7, -0.3, -0.3)
bookB (2),(-3.8, 0.8, 3.5),(-0.7, -0.7, -0.3, -0.3)
bookB (1),(-3.8, 0.7, 3.5),(-0.7, -0.7, -0.3, -0.3)
bookB,(-3.8, 0.8, 3.5),(-0.7, -0.7, -0.3, -0.3)
RedBooksStack(Clone): 1,(-3.8, 0.8, 3.5),(0.0, -0.4, 0.0, -0.9)
bookB (7),(-2.0, 0.7, 3.5),(0.0, 1.0, 0.0, 0.0)
bookB (6),(-2.1, 0.7, 3.5),(0.0, 1.0, 0.0, 0.0)
bookB (5),(-2.1, 0.7, 3.5),(0.0, 1.0, 0.0, 0.0)
bookB (4),(-2.4, 0.7, 3.5),(0.0, 1.0, 0.0, 0.0)
bookB (3),(-2.3, 0.7, 3.5),(0.0, 1.0, 0.0, 0.0)
bookB (2),(-2.3, 0.7, 3.5),(0.0, 1.0, 0.0, 0.0)
bookB,(-2.2, 0.7, 3.5),(0.0, 1.0, 0.0, 0.0)
RedBooksRow(Clone): 1,(-2.2, 0.7, 3.5),(0.0, 1.0, 0.0, 0.0)
bookD (7),(-2.4, 0.7, 3.5),(0.0, 1.0, 0.0, 0.0)
bookD (6),(-2.5, 0.7, 3.5),(0.0, 1.0, 0.0, 0.0)
bookD (4),(-2.8, 0.7, 3.5),(0.0, 1.0, 0.0, 0.0)
bookD (3),(-2.7, 0.7, 3.5),(0.0, 1.0, 0.0, 0.0)
bookD (2),(-2.7, 0.7, 3.5),(0.0, 1.0, 0.0, 0.0)
bookD (1),(-2.6, 0.7, 3.5),(0.0, 1.0, 0.0, 0.0)
bookD,(-2.6, 0.7, 3.5),(0.0, 1.0, 0.0, 0.0)
GreenBooksRow(Clone): 1,(-2.6, 0.7, 3.5),(0.0, 1.0, 0.0, 0.0)
bookD (7),(-2.8, 0.7, 3.5),(0.0, 1.0, 0.0, 0.0)
bookD (6),(-2.9, 0.7, 3.5),(0.0, 1.0, 0.0, 0.0)
bookD (5),(-2.9, 0.7, 3.5),(0.0, 1.0, 0.0, 0.0)
bookD (4),(-3.2, 0.7, 3.5),(0.0, 1.0, 0.0, 0.0)
bookD (3),(-3.1, 0.7, 3.5),(0.0, 1.0, 0.0, 0.0)
bookD (1),(-3.0, 0.7, 3.5),(0.0, 1.0, 0.0, 0.0)
bookD,(-3.0, 0.7, 3.5),(0.0, 1.0, 0.0, 0.0)
GreenBooksRow(Clone): 1,(-3.0, 0.7, 3.5),(0.0, 1.0, 0.0, 0.0)
bookB (3),(-2.2, 1.2, 3.5),(-0.7, -0.7, -0.2, -0.2)
bookB (2),(-2.2, 1.1, 3.5),(-0.7, -0.7, -0.2, -0.2)
bookB (1),(-2.2, 1.1, 3.5),(-0.7, -0.7, -0.2, -0.2)
bookB,(-2.2, 1.2, 3.5),(-0.7, -0.7, -0.2, -0.2)
RedBooksStack(Clone): 1,(-2.2, 1.2, 3.5),(0.0, -0.5, 0.0, -0.9)
bookC (7),(-2.3, 1.0, 3.5),(0.0, 1.0, 0.0, 0.0)
bookC (5),(-2.4, 1.0, 3.5),(0.0, 1.0, 0.0, 0.0)
bookC (4),(-2.6, 1.0, 3.5),(0.0, 1.0, 0.0, 0.0)
bookC (3),(-2.6, 1.0, 3.5),(0.0, 1.0, 0.0, 0.0)
bookC (2),(-2.5, 1.0, 3.5),(0.0, 1.0, 0.0, 0.0)
bookC (1),(-2.5, 1.0, 3.5),(0.0, 1.0, 0.0, 0.0)
bookC,(-2.4, 1.0, 3.5),(0.0, 1.0, 0.0, 0.0)
BlackBooksRow(Clone): 1,(-2.4, 1.0, 3.5),(0.0, 1.0, 0.0, 0.0)
bookD (7),(-2.7, 1.0, 3.5),(0.0, 1.0, 0.0, 0.0)
bookD (5),(-2.8, 1.0, 3.5),(0.0, 1.0, 0.0, 0.0)
bookD (4),(-3.0, 1.0, 3.5),(0.0, 1.0, 0.0, 0.0)
bookD (3),(-3.0, 1.0, 3.5),(0.0, 1.0, 0.0, 0.0)
bookD (2),(-2.9, 1.0, 3.5),(0.0, 1.0, 0.0, 0.0)
bookD (1),(-2.9, 1.0, 3.5),(0.0, 1.0, 0.0, 0.0)
bookD,(-2.8, 1.0, 3.5),(0.0, 1.0, 0.0, 0.0)
GreenBooksRow(Clone): 1,(-2.8, 1.0, 3.5),(0.0, 1.0, 0.0, 0.0)
bookB (7),(-3.1, 1.0, 3.5),(0.0, 1.0, 0.0, 0.0)
bookB (6),(-3.1, 1.0, 3.5),(0.0, 1.0, 0.0, 0.0)
bookB (5),(-3.2, 1.0, 3.5),(0.0, 1.0, 0.0, 0.0)
bookB (4),(-3.4, 1.0, 3.5),(0.0, 1.0, 0.0, 0.0)
bookB (2),(-3.3, 1.0, 3.5),(0.0, 1.0, 0.0, 0.0)
bookB (1),(-3.3, 1.0, 3.5),(0.0, 1.0, 0.0, 0.0)
bookB,(-3.2, 1.0, 3.5),(0.0, 1.0, 0.0, 0.0)
RedBooksRow(Clone): 1,(-3.2, 1.0, 3.5),(0.0, 1.0, 0.0, 0.0)
bookC (4),(-3.8, 1.4, 3.5),(-0.7, -0.7, -0.3, -0.3)
bookC (3),(-3.8, 1.4, 3.5),(-0.7, -0.7, -0.3, -0.3)
bookC (2),(-3.8, 1.6, 3.5),(-0.7, -0.7, -0.3, -0.3)
bookC (1),(-3.8, 1.5, 3.5),(-0.7, -0.7, -0.3, -0.3)
bookC,(-3.8, 1.5, 3.5),(-0.7, -0.7, -0.3, -0.3)
BlackBooksStack(Clone): 1,(-3.8, 1.5, 3.5),(0.0, -0.4, 0.0, -0.9)
bookD (7),(-2.0, 1.4, 3.5),(0.0, 1.0, 0.0, 0.0)
bookD (5),(-2.1, 1.4, 3.5),(0.0, 1.0, 0.0, 0.0)
bookD (4),(-2.4, 1.4, 3.5),(0.0, 1.0, 0.0, 0.0)
bookD (3),(-2.3, 1.4, 3.5),(0.0, 1.0, 0.0, 0.0)
bookD (2),(-2.3, 1.4, 3.5),(0.0, 1.0, 0.0, 0.0)
bookD (1),(-2.2, 1.4, 3.5),(0.0, 1.0, 0.0, 0.0)
bookD,(-2.2, 1.4, 3.5),(0.0, 1.0, 0.0, 0.0)
GreenBooksRow(Clone): 1,(-2.2, 1.4, 3.5),(0.0, 1.0, 0.0, 0.0)
bookB (7),(-2.8, 1.4, 3.5),(0.0, 1.0, 0.0, 0.0)
bookB (6),(-2.9, 1.4, 3.5),(0.0, 1.0, 0.0, 0.0)
bookB (4),(-3.2, 1.4, 3.5),(0.0, 1.0, 0.0, 0.0)
bookB (3),(-3.1, 1.4, 3.5),(0.0, 1.0, 0.0, 0.0)
bookB (2),(-3.1, 1.4, 3.5),(0.0, 1.0, 0.0, 0.0)
bookB (1),(-3.0, 1.4, 3.5),(0.0, 1.0, 0.0, 0.0)
bookB,(-3.0, 1.4, 3.5),(0.0, 1.0, 0.0, 0.0)
RedBooksRow(Clone): 1,(-3.0, 1.4, 3.5),(0.0, 1.0, 0.0, 0.0)
bookC (7),(-3.2, 1.4, 3.5),(0.0, 1.0, 0.0, 0.0)
bookC (6),(-3.3, 1.4, 3.5),(0.0, 1.0, 0.0, 0.0)
bookC (5),(-3.3, 1.4, 3.5),(0.0, 1.0, 0.0, 0.0)
bookC (4),(-3.6, 1.4, 3.5),(0.0, 1.0, 0.0, 0.0)
bookC (3),(-3.5, 1.4, 3.5),(0.0, 1.0, 0.0, 0.0)
bookC (2),(-3.5, 1.4, 3.5),(0.0, 1.0, 0.0, 0.0)
bookC,(-3.4, 1.4, 3.5),(0.0, 1.0, 0.0, 0.0)
BlackBooksRow(Clone): 1,(-3.4, 1.4, 3.5),(0.0, 1.0, 0.0, 0.0)
bookCoversB(Clone): 1,(-2.3, 1.8, 3.5),(-0.7, 0.0, 0.0, 0.7)
bookCoversA(Clone): 1,(-2.7, 1.8, 3.5),(0.7, 0.0, 0.0, -0.7)
bookCoversA(Clone): 1,(-3.0, 1.8, 3.5),(0.7, 0.0, 0.0, -0.7)
bookCoversB(Clone): 1,(-3.4, 1.8, 3.5),(-0.7, 0.0, 0.0, 0.7)
bookCoversB(Clone): 1,(-3.7, 1.8, 3.5),(-0.7, 0.0, 0.0, 0.7)
SPBK1-Half,(-2.2, 0.2, 3.5),(0.0, -0.9, 0.0, -0.4)
SPBK1 (3),(-2.4, 0.1, 3.5),(0.0, 1.0, 0.0, 0.0)
SPBK1 (2),(-2.8, 0.1, 3.5),(0.0, 1.0, 0.0, 0.0)
SPBK1,(-3.6, 0.1, 3.5),(0.0, 1.0, 0.0, 0.0)
Shelf6,(-2.9, 0.1, 3.7),(0.0, 1.0, 0.0, 0.0)
SPBK1-Half,(-3.8, 0.8, 3.5),(0.0, -0.4, 0.0, -0.9)
SPBK1 (3),(-2.2, 0.7, 3.5),(0.0, 1.0, 0.0, 0.0)
SPBK1 (2),(-2.6, 0.7, 3.5),(0.0, 1.0, 0.0, 0.0)
SPBK1 (1),(-3.0, 0.7, 3.5),(0.0, 1.0, 0.0, 0.0)
Shelf4,(-2.9, 0.7, 3.7),(0.0, 1.0, 0.0, 0.0)
SPBK1-Half,(-2.2, 1.2, 3.5),(0.0, -0.5, 0.0, -0.9)
SPBK1 (3),(-2.4, 1.0, 3.5),(0.0, 1.0, 0.0, 0.0)
SPBK1 (2),(-2.8, 1.0, 3.5),(0.0, 1.0, 0.0, 0.0)
SPBK1 (1),(-3.2, 1.0, 3.5),(0.0, 1.0, 0.0, 0.0)
Shelf3,(-2.9, 1.0, 3.7),(0.0, 1.0, 0.0, 0.0)
SPBK1-Half,(-3.8, 1.5, 3.5),(0.0, -0.4, 0.0, -0.9)
SPBK1 (3),(-2.2, 1.4, 3.5),(0.0, 1.0, 0.0, 0.0)
SPBK1 (1),(-3.0, 1.4, 3.5),(0.0, 1.0, 0.0, 0.0)
SPBK1,(-3.4, 1.4, 3.5),(0.0, 1.0, 0.0, 0.0)
Shelf2,(-2.9, 1.4, 3.7),(0.0, 1.0, 0.0, 0.0)
bookA (31),(-2.1, 1.8, 3.7),(0.5, 0.5, -0.5, -0.5)
bookA (30),(-2.1, 1.7, 3.7),(0.5, 0.5, -0.5, -0.5)
bookA (28),(-2.1, 1.9, 3.7),(0.5, 0.5, -0.5, -0.5)
bookA (27),(-2.1, 1.8, 3.7),(0.5, 0.5, -0.5, -0.5)
bookStackBlueStanding,(-2.1, 1.8, 3.7),(0.0, 1.0, 0.0, 0.0)
SPBK1 (4),(-2.3, 1.8, 3.5),(0.0, 1.0, 0.0, 0.0)
SPBK1 (3),(-2.7, 1.8, 3.5),(0.0, 1.0, 0.0, 0.0)
SPBK1 (2),(-3.0, 1.8, 3.5),(0.0, 1.0, 0.0, 0.0)
SPBK1 (1),(-3.4, 1.8, 3.5),(0.0, 1.0, 0.0, 0.0)
SPBK1,(-3.7, 1.8, 3.5),(0.0, 1.0, 0.0, 0.0)
Shelf1,(-2.9, 1.8, 3.7),(0.0, 1.0, 0.0, 0.0)
Bookcase(Clone): 6,(-2.9, 0.0, 3.7),(0.0, 1.0, 0.0, 0.0)
PictureFrameA(Clone): 1,(2.9, 1.5, -3.8),(-0.1, 0.0, 0.0, 1.0)
PictureFrameA(Clone): 1,(2.3, 1.5, -3.8),(-0.1, 0.1, 0.0, 1.0)
SPFP1 (1),(2.9, 1.5, -3.8),(-0.1, 0.0, 0.0, 1.0)
SPFP1,(2.3, 1.5, -3.8),(-0.1, 0.1, 0.0, 1.0)
FireWood (1),(2.8, 0.3, -3.7),(0.2, -0.7, -0.2, 0.7)
FireWood,(2.7, 0.3, -3.7),(-0.3, -0.8, -0.2, -0.5)
Point light (3),(2.9, 0.4, -3.7),(0.0, 0.0, 0.0, 1.0)
Point light (2),(2.8, 0.4, -3.7),(0.0, 0.0, 0.0, 1.0)
Point light (1),(2.7, 0.3, -3.7),(0.0, 0.0, 0.0, 1.0)
Particle System (6),(2.8, 0.3, -3.8),(-0.7, 0.0, 0.0, 0.7)
Particle System (5),(2.8, 0.3, -3.8),(-0.7, 0.0, 0.0, 0.7)
Particle System (4),(2.8, 0.3, -3.7),(-0.7, 0.0, 0.0, 0.7)
Particle System (3),(2.8, 0.3, -3.7),(-0.7, 0.0, 0.0, 0.7)
Particle System (2),(2.7, 0.3, -3.7),(-0.7, 0.0, 0.0, 0.7)
Particle System (1),(2.9, 0.3, -3.7),(-0.7, 0.0, 0.0, 0.7)
Particle System,(2.8, 0.3, -3.7),(-0.7, 0.0, 0.0, 0.7)
Point light,(2.9, 0.3, -3.7),(0.0, 0.0, 0.0, 1.0)
fireplace(Clone): 5,(2.8, 0.0, -3.7),(0.0, 0.0, 0.0, 1.0)
sofa(Clone): 4,(0.5, 0.0, -1.7),(0.0, 0.7, 0.0, -0.7)
PictureFrameD(Clone): 1,(3.6, 0.7, 2.2),(0.1, 0.7, 0.1, -0.7)
tableClothA,(3.6, 0.9, 1.8),(0.0, 0.7, 0.0, -0.7)
ClothForArmoire(Clone): 1,(3.6, 0.8, 1.8),(0.0, 0.7, 0.0, -0.7)
PictureFrameD(Clone): 1,(-0.1, 0.7, 1.7),(-0.1, 0.0, 0.0, 1.0)
Particle System,(0.5, 0.8, 1.5),(0.0, -0.1, 0.0, 1.0)
Particle System,(0.5, 0.8, 1.5),(0.0, -0.1, 0.0, 1.0)
Point light,(0.5, 0.9, 1.5),(0.0, -0.1, 0.0, 1.0)
LampOil(Clone): 1,(0.5, 0.7, 1.5),(0.0, -0.1, 0.0, 1.0)
PictureFrameA(Clone): 1,(0.2, 0.7, 1.3),(-0.1, 0.0, 0.0, 1.0)
paper(Clone): 1,(-0.2, 0.7, 1.3),(0.0, 1.0, 0.0, 0.2)
PictureFrameB(Clone): 1,(-0.6, 0.7, 1.4),(-0.1, 0.2, 0.0, 1.0)
SPD1 (1),(3.6, 0.8, 2.2),(0.1, 0.7, 0.1, -0.7)
SPD1,(3.6, 0.8, 1.8),(0.0, 0.7, 0.0, -0.7)
Dresser(Clone): 3,(3.6, 0.0, 2.0),(0.0, 0.7, 0.0, -0.7)
SPDWD1 (4),(-0.1, 0.7, 1.7),(-0.1, 0.0, 0.0, 1.0)
SPDWD1 (3),(0.5, 0.7, 1.5),(0.0, -0.1, 0.0, 1.0)
SPDWD1 (2),(0.2, 0.7, 1.3),(-0.1, 0.0, 0.0, 1.0)
SPDWD1 (1),(-0.2, 0.7, 1.3),(0.0, 1.0, 0.0, 0.2)
SPDWD1,(-0.6, 0.7, 1.4),(-0.1, 0.2, 0.0, 1.0)
DeskWithDrawers(Clone): 2,(0.0, 0.0, 1.5),(0.0, 0.0, 0.0, 1.0)
bookA (5),(3.5, 0.1, -2.7),(-0.3, -0.3, 0.7, 0.7)
bookA (4),(3.5, 0.1, -2.7),(-0.3, -0.3, 0.7, 0.7)
bookA (3),(3.5, 0.3, -2.7),(-0.3, -0.3, 0.7, 0.7)
bookA (2),(3.5, 0.2, -2.7),(-0.3, -0.3, 0.7, 0.7)
bookA,(3.5, 0.2, -2.7),(-0.3, -0.3, 0.7, 0.7)
BlueBookStack(Clone): 1,(3.5, 0.2, -2.7),(0.0, -0.9, 0.0, 0.4)
bookC (7),(3.5, 0.1, -2.6),(0.0, 0.7, 0.0, -0.7)
bookC (5),(3.5, 0.1, -2.5),(0.0, 0.7, 0.0, -0.7)
bookC (4),(3.5, 0.1, -2.3),(0.0, 0.7, 0.0, -0.7)
bookC (3),(3.5, 0.1, -2.3),(0.0, 0.7, 0.0, -0.7)
bookC (2),(3.5, 0.1, -2.4),(0.0, 0.7, 0.0, -0.7)
bookC (1),(3.5, 0.1, -2.4),(0.0, 0.7, 0.0, -0.7)
bookC,(3.5, 0.1, -2.5),(0.0, 0.7, 0.0, -0.7)
BlackBooksRow(Clone): 1,(3.5, 0.1, -2.5),(0.0, 0.7, 0.0, -0.7)
bookD (7),(3.5, 0.1, -1.8),(0.0, 0.7, 0.0, -0.7)
bookD (6),(3.5, 0.1, -1.8),(0.0, 0.7, 0.0, -0.7)
bookD (5),(3.5, 0.1, -1.7),(0.0, 0.7, 0.0, -0.7)
bookD (3),(3.5, 0.1, -1.5),(0.0, 0.7, 0.0, -0.7)
bookD (2),(3.5, 0.1, -1.6),(0.0, 0.7, 0.0, -0.7)
bookD (1),(3.5, 0.1, -1.6),(0.0, 0.7, 0.0, -0.7)
bookD,(3.5, 0.1, -1.7),(0.0, 0.7, 0.0, -0.7)
GreenBooksRow(Clone): 1,(3.5, 0.1, -1.7),(0.0, 0.7, 0.0, -0.7)
bookC (7),(3.5, 0.1, -1.4),(0.0, 0.7, 0.0, -0.7)
bookC (6),(3.5, 0.1, -1.4),(0.0, 0.7, 0.0, -0.7)
bookC (5),(3.5, 0.1, -1.3),(0.0, 0.7, 0.0, -0.7)
bookC (4),(3.5, 0.1, -1.1),(0.0, 0.7, 0.0, -0.7)
bookC (2),(3.5, 0.1, -1.2),(0.0, 0.7, 0.0, -0.7)
bookC (1),(3.5, 0.1, -1.2),(0.0, 0.7, 0.0, -0.7)
bookC,(3.5, 0.1, -1.3),(0.0, 0.7, 0.0, -0.7)
BlackBooksRow(Clone): 1,(3.5, 0.1, -1.3),(0.0, 0.7, 0.0, -0.7)
bookA (5),(3.5, 0.4, -2.7),(0.5, 0.5, -0.5, -0.5)
bookA (4),(3.5, 0.4, -2.7),(0.5, 0.5, -0.5, -0.5)
bookA (3),(3.5, 0.6, -2.7),(0.5, 0.5, -0.5, -0.5)
bookA (2),(3.5, 0.5, -2.7),(0.5, 0.5, -0.5, -0.5)
bookA,(3.5, 0.5, -2.7),(0.5, 0.5, -0.5, -0.5)
BlueBookStack(Clone): 1,(3.5, 0.5, -2.7),(0.0, 1.0, 0.0, 0.0)
bookB (7),(3.5, 0.3, -2.6),(0.0, 0.7, 0.0, -0.7)
bookB (6),(3.5, 0.3, -2.6),(0.0, 0.7, 0.0, -0.7)
bookB (5),(3.5, 0.3, -2.5),(0.0, 0.7, 0.0, -0.7)
bookB (4),(3.5, 0.3, -2.3),(0.0, 0.7, 0.0, -0.7)
bookB (3),(3.5, 0.3, -2.3),(0.0, 0.7, 0.0, -0.7)
bookB (2),(3.5, 0.3, -2.4),(0.0, 0.7, 0.0, -0.7)
bookB,(3.5, 0.3, -2.5),(0.0, 0.7, 0.0, -0.7)
RedBooksRow(Clone): 1,(3.5, 0.3, -2.5),(0.0, 0.7, 0.0, -0.7)
bookD (7),(3.5, 0.3, -2.2),(0.0, 0.7, 0.0, -0.7)
bookD (6),(3.5, 0.3, -2.2),(0.0, 0.7, 0.0, -0.7)
bookD (5),(3.5, 0.3, -2.1),(0.0, 0.7, 0.0, -0.7)
bookD (4),(3.5, 0.3, -1.9),(0.0, 0.7, 0.0, -0.7)
bookD (2),(3.5, 0.3, -2.0),(0.0, 0.7, 0.0, -0.7)
bookD (1),(3.5, 0.3, -2.0),(0.0, 0.7, 0.0, -0.7)
bookD,(3.5, 0.3, -2.1),(0.0, 0.7, 0.0, -0.7)
GreenBooksRow(Clone): 1,(3.5, 0.3, -2.1),(0.0, 0.7, 0.0, -0.7)
bookC (7),(3.5, 0.3, -1.8),(0.0, 0.7, 0.0, -0.7)
bookC (6),(3.5, 0.3, -1.8),(0.0, 0.7, 0.0, -0.7)
bookC (5),(3.5, 0.3, -1.7),(0.0, 0.7, 0.0, -0.7)
bookC (4),(3.5, 0.3, -1.5),(0.0, 0.7, 0.0, -0.7)
bookC (3),(3.5, 0.3, -1.5),(0.0, 0.7, 0.0, -0.7)
bookC (2),(3.5, 0.3, -1.6),(0.0, 0.7, 0.0, -0.7)
bookC (1),(3.5, 0.3, -1.6),(0.0, 0.7, 0.0, -0.7)
BlackBooksRow(Clone): 1,(3.5, 0.3, -1.7),(0.0, 0.7, 0.0, -0.7)
bookB (3),(3.4, 0.9, -1.2),(-0.7, -0.7, 0.3, 0.3)
bookB (2),(3.4, 0.8, -1.2),(-0.7, -0.7, 0.3, 0.3)
bookB (1),(3.4, 0.7, -1.2),(-0.7, -0.7, 0.3, 0.3)
bookB,(3.4, 0.8, -1.2),(-0.7, -0.7, 0.3, 0.3)
RedBooksStack(Clone): 1,(3.4, 0.8, -1.2),(0.0, -0.9, 0.0, -0.4)
bookD (7),(3.5, 0.7, -2.9),(0.0, 0.7, 0.0, -0.7)
bookD (6),(3.5, 0.7, -2.9),(0.0, 0.7, 0.0, -0.7)
bookD (5),(3.5, 0.7, -2.8),(0.0, 0.7, 0.0, -0.7)
bookD (4),(3.5, 0.7, -2.6),(0.0, 0.7, 0.0, -0.7)
bookD (3),(3.5, 0.7, -2.6),(0.0, 0.7, 0.0, -0.7)
bookD (2),(3.5, 0.7, -2.7),(0.0, 0.7, 0.0, -0.7)
bookD (1),(3.5, 0.7, -2.7),(0.0, 0.7, 0.0, -0.7)
GreenBooksRow(Clone): 1,(3.5, 0.7, -2.8),(0.0, 0.7, 0.0, -0.7)
bookA (7),(3.5, 0.7, -2.5),(0.0, 0.7, 0.0, -0.7)
bookA (6),(3.5, 0.7, -2.5),(0.0, 0.7, 0.0, -0.7)
bookA (5),(3.5, 0.7, -2.4),(0.0, 0.7, 0.0, -0.7)
bookA (4),(3.5, 0.7, -2.2),(0.0, 0.7, 0.0, -0.7)
bookA (2),(3.5, 0.7, -2.3),(0.0, 0.7, 0.0, -0.7)
bookA (1),(3.5, 0.7, -2.3),(0.0, 0.7, 0.0, -0.7)
bookA,(3.5, 0.7, -2.4),(0.0, 0.7, 0.0, -0.7)
BlueBooksRow(Clone): 1,(3.5, 0.7, -2.4),(0.0, 0.7, 0.0, -0.7)
bookB (7),(3.5, 0.7, -2.1),(0.0, 0.7, 0.0, -0.7)
bookB (6),(3.5, 0.7, -2.1),(0.0, 0.7, 0.0, -0.7)
bookB (5),(3.5, 0.7, -2.0),(0.0, 0.7, 0.0, -0.7)
bookB (4),(3.5, 0.7, -1.8),(0.0, 0.7, 0.0, -0.7)
bookB (3),(3.5, 0.7, -1.8),(0.0, 0.7, 0.0, -0.7)
bookB (2),(3.5, 0.7, -1.9),(0.0, 0.7, 0.0, -0.7)
bookB (1),(3.5, 0.7, -1.9),(0.0, 0.7, 0.0, -0.7)
RedBooksRow(Clone): 1,(3.5, 0.7, -2.0),(0.0, 0.7, 0.0, -0.7)
bookB (3),(3.4, 1.2, -2.7),(-0.6, -0.6, 0.4, 0.4)
bookB (2),(3.4, 1.1, -2.7),(-0.6, -0.6, 0.4, 0.4)
bookB (1),(3.4, 1.1, -2.7),(-0.6, -0.6, 0.4, 0.4)
bookB,(3.4, 1.2, -2.7),(-0.6, -0.6, 0.4, 0.4)
RedBooksStack(Clone): 1,(3.4, 1.2, -2.7),(0.0, -1.0, 0.0, -0.3)
bookA (7),(3.5, 1.0, -2.6),(0.0, 0.7, 0.0, -0.7)
bookA (6),(3.5, 1.0, -2.6),(0.0, 0.7, 0.0, -0.7)
bookA (5),(3.5, 1.0, -2.5),(0.0, 0.7, 0.0, -0.7)
bookA (4),(3.5, 1.0, -2.3),(0.0, 0.7, 0.0, -0.7)
bookA (3),(3.5, 1.0, -2.3),(0.0, 0.7, 0.0, -0.7)
bookA (2),(3.5, 1.0, -2.4),(0.0, 0.7, 0.0, -0.7)
bookA,(3.5, 1.0, -2.5),(0.0, 0.7, 0.0, -0.7)
BlueBooksRow(Clone): 1,(3.5, 1.0, -2.5),(0.0, 0.7, 0.0, -0.7)
bookD (7),(3.5, 1.0, -2.2),(0.0, 0.7, 0.0, -0.7)
bookD (6),(3.5, 1.0, -2.2),(0.0, 0.7, 0.0, -0.7)
bookD (5),(3.5, 1.0, -2.1),(0.0, 0.7, 0.0, -0.7)
bookD (4),(3.5, 1.0, -1.9),(0.0, 0.7, 0.0, -0.7)
bookD (3),(3.5, 1.0, -1.9),(0.0, 0.7, 0.0, -0.7)
bookD (2),(3.5, 1.0, -2.0),(0.0, 0.7, 0.0, -0.7)
bookD,(3.5, 1.0, -2.1),(0.0, 0.7, 0.0, -0.7)
GreenBooksRow(Clone): 1,(3.5, 1.0, -2.1),(0.0, 0.7, 0.0, -0.7)
bookC (5),(3.5, 1.0, -1.8),(-0.1, 0.7, 0.1, -0.7)
bookC (4),(3.5, 1.0, -1.5),(0.0, 0.7, 0.0, -0.7)
bookC (3),(3.5, 1.0, -1.5),(0.0, 0.7, 0.0, -0.7)
bookC (2),(3.5, 1.0, -1.6),(0.0, 0.7, 0.0, -0.7)
bookC (1),(3.5, 1.0, -1.6),(0.0, 0.7, 0.0, -0.7)
bookC,(3.5, 1.0, -1.7),(0.0, 0.7, 0.0, -0.7)
BlackBooksRowB(Clone): 1,(3.5, 1.0, -1.7),(0.0, 0.7, 0.0, -0.7)
bookD (4),(3.4, 1.4, -1.2),(-0.7, -0.7, 0.3, 0.3)
bookD (3),(3.4, 1.4, -1.2),(-0.7, -0.7, 0.3, 0.3)
bookD,(3.4, 1.5, -1.2),(-0.7, -0.7, 0.3, 0.3)
GreenBooksStack(Clone): 1,(3.4, 1.5, -1.2),(0.0, -0.9, 0.0, -0.4)
bookB (7),(3.5, 1.4, -2.9),(0.0, 0.7, 0.0, -0.7)
bookB (6),(3.5, 1.4, -2.9),(0.0, 0.7, 0.0, -0.7)
bookB (4),(3.5, 1.4, -2.6),(0.0, 0.7, 0.0, -0.7)
bookB (3),(3.5, 1.4, -2.6),(0.0, 0.7, 0.0, -0.7)
bookB (2),(3.5, 1.4, -2.7),(0.0, 0.7, 0.0, -0.7)
bookB (1),(3.5, 1.4, -2.7),(0.0, 0.7, 0.0, -0.7)
bookB,(3.5, 1.4, -2.8),(0.0, 0.7, 0.0, -0.7)
RedBooksRow(Clone): 1,(3.5, 1.4, -2.8),(0.0, 0.7, 0.0, -0.7)
bookA (7),(3.5, 1.4, -2.5),(0.0, 0.7, 0.0, -0.7)
bookA (6),(3.5, 1.4, -2.5),(0.0, 0.7, 0.0, -0.7)
bookA (5),(3.5, 1.4, -2.4),(0.0, 0.7, 0.0, -0.7)
bookA (4),(3.5, 1.4, -2.2),(0.0, 0.7, 0.0, -0.7)
bookA (3),(3.5, 1.4, -2.2),(0.0, 0.7, 0.0, -0.7)
bookA (2),(3.5, 1.4, -2.3),(0.0, 0.7, 0.0, -0.7)
bookA (1),(3.5, 1.4, -2.3),(0.0, 0.7, 0.0, -0.7)
BlueBooksRow(Clone): 1,(3.5, 1.4, -2.4),(0.0, 0.7, 0.0, -0.7)
bookD (7),(3.5, 1.4, -1.7),(0.0, 0.7, 0.0, -0.7)
bookD (6),(3.5, 1.4, -1.7),(0.0, 0.7, 0.0, -0.7)
bookD (5),(3.5, 1.4, -1.6),(0.0, 0.7, 0.0, -0.7)
bookD (3),(3.5, 1.4, -1.4),(0.0, 0.7, 0.0, -0.7)
bookD (2),(3.5, 1.4, -1.5),(0.0, 0.7, 0.0, -0.7)
bookD (1),(3.5, 1.4, -1.5),(0.0, 0.7, 0.0, -0.7)
bookD,(3.5, 1.4, -1.6),(0.0, 0.7, 0.0, -0.7)
GreenBooksRow(Clone): 1,(3.5, 1.4, -1.6),(0.0, 0.7, 0.0, -0.7)
CarpetD(Clone): 1,(-0.5, 0.0, 1.5),(0.0, 1.0, 0.0, 0.0)
SPBK1-Half,(3.5, 0.2, -2.7),(0.0, -0.9, 0.0, 0.4)
SPBK1 (3),(3.5, 0.1, -2.5),(0.0, 0.7, 0.0, -0.7)
SPBK1 (1),(3.5, 0.1, -1.7),(0.0, 0.7, 0.0, -0.7)
SPBK1,(3.5, 0.1, -1.3),(0.0, 0.7, 0.0, -0.7)
Shelf6,(3.7, 0.1, -2.0),(0.0, 0.7, 0.0, -0.7)
SPBK1-Half,(3.5, 0.5, -2.7),(0.0, 1.0, 0.0, 0.0)
SPBK1 (3),(3.5, 0.3, -2.5),(0.0, 0.7, 0.0, -0.7)
SPBK1 (2),(3.5, 0.3, -2.1),(0.0, 0.7, 0.0, -0.7)
SPBK1 (1),(3.5, 0.3, -1.7),(0.0, 0.7, 0.0, -0.7)
Shelf5,(3.7, 0.3, -2.0),(0.0, 0.7, 0.0, -0.7)
SPBK1-Half,(3.4, 0.8, -1.2),(0.0, -0.9, 0.0, -0.4)
SPBK1 (3),(3.5, 0.7, -2.8),(0.0, 0.7, 0.0, -0.7)
SPBK1 (2),(3.5, 0.7, -2.4),(0.0, 0.7, 0.0, -0.7)
SPBK1 (1),(3.5, 0.7, -2.0),(0.0, 0.7, 0.0, -0.7)
Shelf4,(3.7, 0.7, -2.1),(0.0, 0.7, 0.0, -0.7)
SPBK1-Half,(3.4, 1.2, -2.7),(0.0, -1.0, 0.0, -0.3)
SPBK1 (3),(3.5, 1.0, -2.5),(0.0, 0.7, 0.0, -0.7)
SPBK1 (2),(3.5, 1.0, -2.1),(0.0, 0.7, 0.0, -0.7)
SPBK1 (1),(3.5, 1.0, -1.7),(0.0, 0.7, 0.0, -0.7)
Shelf3,(3.7, 1.0, -2.0),(0.0, 0.7, 0.0, -0.7)
SPBK1-Half,(3.4, 1.5, -1.2),(0.0, -0.9, 0.0, -0.4)
SPBK1 (3),(3.5, 1.4, -2.8),(0.0, 0.7, 0.0, -0.7)
SPBK1 (2),(3.5, 1.4, -2.4),(0.0, 0.7, 0.0, -0.7)
SPBK1,(3.5, 1.4, -1.6),(0.0, 0.7, 0.0, -0.7)
Shelf2,(3.7, 1.4, -2.1),(0.0, 0.7, 0.0, -0.7)
Bookcase(Clone): 1,(3.6, 0.0, -2.0),(0.0, 0.7, 0.0, -0.7)
Spawned Box 7, 7,(3.5, 0.0, 3.5),(0.0, 0.0, 0.0, 1.0)
Spawned Box 7, 6,(3.5, 0.0, 2.5),(0.0, 0.0, 0.0, 1.0)
Spawned Box 7, 5,(3.5, 0.0, 1.5),(0.0, 0.0, 0.0, 1.0)
Spawned Box 7, 4,(3.5, 0.0, 0.5),(0.0, 0.0, 0.0, 1.0)
Spawned Box 7, 3,(3.5, 0.0, -0.5),(0.0, 0.0, 0.0, 1.0)
Spawned Box 7, 2,(3.5, 0.0, -1.5),(0.0, 0.0, 0.0, 1.0)
Spawned Box 7, 1,(3.5, 0.0, -2.5),(0.0, 0.0, 0.0, 1.0)
Spawned Box 7, 0,(3.5, 0.0, -3.5),(0.0, 0.0, 0.0, 1.0)
Spawned Box 6, 7,(2.5, 0.0, 3.5),(0.0, 0.0, 0.0, 1.0)
Spawned Box 6, 6,(2.5, 0.0, 2.5),(0.0, 0.0, 0.0, 1.0)
Spawned Box 6, 5,(2.5, 0.0, 1.5),(0.0, 0.0, 0.0, 1.0)
Spawned Box 6, 4,(2.5, 0.0, 0.5),(0.0, 0.0, 0.0, 1.0)
Spawned Box 6, 3,(2.5, 0.0, -0.5),(0.0, 0.0, 0.0, 1.0)
Spawned Box 6, 2,(2.5, 0.0, -1.5),(0.0, 0.0, 0.0, 1.0)
Spawned Box 6, 1,(2.5, 0.0, -2.5),(0.0, 0.0, 0.0, 1.0)
Spawned Box 6, 0,(2.5, 0.0, -3.5),(0.0, 0.0, 0.0, 1.0)
Spawned Box 5, 7,(1.5, 0.0, 3.5),(0.0, 0.0, 0.0, 1.0)
Spawned Box 5, 6,(1.5, 0.0, 2.5),(0.0, 0.0, 0.0, 1.0)
Spawned Box 5, 5,(1.5, 0.0, 1.5),(0.0, 0.0, 0.0, 1.0)
Spawned Box 5, 4,(1.5, 0.0, 0.5),(0.0, 0.0, 0.0, 1.0)
Spawned Box 5, 3,(1.5, 0.0, -0.5),(0.0, 0.0, 0.0, 1.0)
Spawned Box 5, 2,(1.5, 0.0, -1.5),(0.0, 0.0, 0.0, 1.0)
Spawned Box 5, 1,(1.5, 0.0, -2.5),(0.0, 0.0, 0.0, 1.0)
Spawned Box 5, 0,(1.5, 0.0, -3.5),(0.0, 0.0, 0.0, 1.0)
Spawned Box 4, 7,(0.5, 0.0, 3.5),(0.0, 0.0, 0.0, 1.0)
Spawned Box 4, 6,(0.5, 0.0, 2.5),(0.0, 0.0, 0.0, 1.0)
Spawned Box 4, 5,(0.5, 0.0, 1.5),(0.0, 0.0, 0.0, 1.0)
Spawned Box 4, 4,(0.5, 0.0, 0.5),(0.0, 0.0, 0.0, 1.0)
Spawned Box 4, 3,(0.5, 0.0, -0.5),(0.0, 0.0, 0.0, 1.0)
Spawned Box 4, 2,(0.5, 0.0, -1.5),(0.0, 0.0, 0.0, 1.0)
Spawned Box 4, 1,(0.5, 0.0, -2.5),(0.0, 0.0, 0.0, 1.0)
Spawned Box 4, 0,(0.5, 0.0, -3.5),(0.0, 0.0, 0.0, 1.0)
Spawned Box 3, 7,(-0.5, 0.0, 3.5),(0.0, 0.0, 0.0, 1.0)
Spawned Box 3, 6,(-0.5, 0.0, 2.5),(0.0, 0.0, 0.0, 1.0)
Spawned Box 3, 5,(-0.5, 0.0, 1.5),(0.0, 0.0, 0.0, 1.0)
Spawned Box 3, 4,(-0.5, 0.0, 0.5),(0.0, 0.0, 0.0, 1.0)
Spawned Box 3, 3,(-0.5, 0.0, -0.5),(0.0, 0.0, 0.0, 1.0)
Spawned Box 3, 2,(-0.5, 0.0, -1.5),(0.0, 0.0, 0.0, 1.0)
Spawned Box 3, 1,(-0.5, 0.0, -2.5),(0.0, 0.0, 0.0, 1.0)
Spawned Box 3, 0,(-0.5, 0.0, -3.5),(0.0, 0.0, 0.0, 1.0)
Spawned Box 2, 7,(-1.5, 0.0, 3.5),(0.0, 0.0, 0.0, 1.0)
Spawned Box 2, 6,(-1.5, 0.0, 2.5),(0.0, 0.0, 0.0, 1.0)
Spawned Box 2, 5,(-1.5, 0.0, 1.5),(0.0, 0.0, 0.0, 1.0)
Spawned Box 2, 4,(-1.5, 0.0, 0.5),(0.0, 0.0, 0.0, 1.0)
Spawned Box 2, 3,(-1.5, 0.0, -0.5),(0.0, 0.0, 0.0, 1.0)
Spawned Box 2, 2,(-1.5, 0.0, -1.5),(0.0, 0.0, 0.0, 1.0)
Spawned Box 2, 1,(-1.5, 0.0, -2.5),(0.0, 0.0, 0.0, 1.0)
Spawned Box 2, 0,(-1.5, 0.0, -3.5),(0.0, 0.0, 0.0, 1.0)
Spawned Box 1, 7,(-2.5, 0.0, 3.5),(0.0, 0.0, 0.0, 1.0)
Spawned Box 1, 6,(-2.5, 0.0, 2.5),(0.0, 0.0, 0.0, 1.0)
Spawned Box 1, 5,(-2.5, 0.0, 1.5),(0.0, 0.0, 0.0, 1.0)
Spawned Box 1, 4,(-2.5, 0.0, 0.5),(0.0, 0.0, 0.0, 1.0)
Spawned Box 1, 3,(-2.5, 0.0, -0.5),(0.0, 0.0, 0.0, 1.0)
Spawned Box 1, 2,(-2.5, 0.0, -1.5),(0.0, 0.0, 0.0, 1.0)
Spawned Box 1, 1,(-2.5, 0.0, -2.5),(0.0, 0.0, 0.0, 1.0)
Spawned Box 1, 0,(-2.5, 0.0, -3.5),(0.0, 0.0, 0.0, 1.0)
Spawned Box 0, 7,(-3.5, 0.0, 3.5),(0.0, 0.0, 0.0, 1.0)
Spawned Box 0, 6,(-3.5, 0.0, 2.5),(0.0, 0.0, 0.0, 1.0)
Spawned Box 0, 5,(-3.5, 0.0, 1.5),(0.0, 0.0, 0.0, 1.0)
Spawned Box 0, 4,(-3.5, 0.0, 0.5),(0.0, 0.0, 0.0, 1.0)
Spawned Box 0, 3,(-3.5, 0.0, -0.5),(0.0, 0.0, 0.0, 1.0)
Spawned Box 0, 2,(-3.5, 0.0, -1.5),(0.0, 0.0, 0.0, 1.0)
Spawned Box 0, 1,(-3.5, 0.0, -2.5),(0.0, 0.0, 0.0, 1.0)
Spawned Box 0, 0,(-3.5, 0.0, -3.5),(0.0, 0.0, 0.0, 1.0)
audioSourceRainOnWindow,(-4.0, 0.0, 0.0),(0.0, 0.0, 0.0, 1.0)
Particles_Interior,(0.0, 1.5, 0.0),(0.5, 0.5, 0.5, -0.5)
Particle System (5),(-4.1, 1.3, -2.4),(0.0, 0.7, 0.0, 0.7)
Particle System (4),(-4.1, 1.4, -2.4),(0.0, 0.7, 0.0, 0.7)
Point light (2),(-4.1, 1.3, -2.4),(0.0, 0.7, 0.0, 0.7)
Particle System (3),(-4.1, 1.3, -2.1),(0.0, 0.7, 0.0, 0.7)
Particle System (2),(-4.1, 1.4, -2.1),(0.0, 0.7, 0.0, 0.7)
Point light (1),(-4.1, 1.3, -2.1),(0.0, 0.7, 0.0, 0.7)
Particle System (1),(-4.1, 1.3, -2.3),(0.0, 0.7, 0.0, 0.7)
Particle System,(-4.1, 1.4, -2.3),(0.0, 0.7, 0.0, 0.7)
Point light,(-4.1, 1.3, -2.3),(0.0, 0.7, 0.0, 0.7)
candleStick (2),(-4.1, 1.0, -2.3),(0.0, 0.7, 0.0, 0.7)
Particle System (5),(-4.1, 1.3, 2.1),(0.0, 0.7, 0.0, 0.7)
Particle System (4),(-4.1, 1.4, 2.1),(0.0, 0.7, 0.0, 0.7)
Point light (2),(-4.1, 1.3, 2.1),(0.0, 0.7, 0.0, 0.7)
Particle System (3),(-4.1, 1.3, 2.4),(0.0, 0.7, 0.0, 0.7)
Particle System (2),(-4.1, 1.4, 2.4),(0.0, 0.7, 0.0, 0.7)
Point light (1),(-4.1, 1.3, 2.4),(0.0, 0.7, 0.0, 0.7)
Particle System (1),(-4.1, 1.3, 2.3),(0.0, 0.7, 0.0, 0.7)
Particle System,(-4.1, 1.4, 2.3),(0.0, 0.7, 0.0, 0.7)
Point light,(-4.1, 1.3, 2.3),(0.0, 0.7, 0.0, 0.7)
candleStick (1),(-4.1, 1.0, 2.3),(0.0, 0.7, 0.0, 0.7)
Particle System (5),(-4.1, 1.3, -0.1),(0.0, 0.7, 0.0, 0.7)
Particle System (4),(-4.1, 1.4, -0.1),(0.0, 0.7, 0.0, 0.7)
Point light (2),(-4.1, 1.3, -0.1),(0.0, 0.7, 0.0, 0.7)
Particle System (3),(-4.1, 1.3, 0.1),(0.0, 0.7, 0.0, 0.7)
Particle System (2),(-4.1, 1.4, 0.1),(0.0, 0.7, 0.0, 0.7)
Point light (1),(-4.1, 1.3, 0.1),(0.0, 0.7, 0.0, 0.7)
Particle System (7),(-4.1, 1.4, 0.0),(0.0, 0.7, 0.0, 0.7)
Particle System (6),(-4.1, 1.3, 0.0),(0.0, 0.7, 0.0, 0.7)
Point light,(-4.1, 1.3, 0.0),(0.0, 0.7, 0.0, 0.7)
candleStick,(-4.1, 1.0, 0.0),(0.0, 0.7, 0.0, 0.7)
wallsEdge (34),(4.0, 0.0, 1.0),(0.0, 0.7, 0.0, 0.7)
wallsEdge (33),(4.0, 0.0, 2.0),(0.0, 0.7, 0.0, 0.7)
wallsEdge (32),(4.0, 0.0, 3.0),(0.0, 0.7, 0.0, 0.7)
wallsEdge (31),(4.0, 0.0, 4.0),(0.0, 0.7, 0.0, 0.7)
wallsEdge (30),(4.0, 0.0, 4.0),(0.0, 0.0, 0.0, 1.0)
wallsEdge (29),(3.0, 0.0, 4.0),(0.0, 0.0, 0.0, 1.0)
wallsEdge (28),(2.0, 0.0, 4.0),(0.0, 0.0, 0.0, 1.0)
wallsEdge (27),(1.0, 0.0, 4.0),(0.0, 0.0, 0.0, 1.0)
wallsEdge (26),(0.0, 0.0, 4.0),(0.0, 0.0, 0.0, 1.0)
wallsEdge (25),(-1.0, 0.0, 4.0),(0.0, 0.0, 0.0, 1.0)
wallsEdge (24),(-2.0, 0.0, 4.0),(0.0, 0.0, 0.0, 1.0)
wallsEdge (23),(-3.0, 0.0, 4.0),(0.0, 0.0, 0.0, 1.0)
wallsEdge (22),(-4.0, 0.0, 4.0),(0.0, 0.0, 0.0, 1.0)
wallsEdge (21),(-4.0, 0.0, 4.0),(0.0, -0.7, 0.0, -0.7)
wallsEdge (20),(-4.0, 0.0, 3.0),(0.0, -0.7, 0.0, -0.7)
wallsEdge (19),(-4.0, 0.0, 2.0),(0.0, -0.7, 0.0, -0.7)
wallsEdge (18),(-4.0, 0.0, 1.0),(0.0, -0.7, 0.0, -0.7)
wallsEdge (17),(-4.0, 0.0, 0.0),(0.0, -0.7, 0.0, -0.7)
wallsEdge (16),(-4.0, 0.0, -1.0),(0.0, -0.7, 0.0, -0.7)
wallsEdge (15),(-4.0, 0.0, -2.0),(0.0, -0.7, 0.0, -0.7)
wallsEdge (14),(-4.0, 0.0, -3.0),(0.0, -0.7, 0.0, -0.7)
wallsEdge (13),(-4.0, 0.0, -4.0),(0.0, -0.7, 0.0, -0.7)
wallsEdge (12),(-4.0, 0.0, -4.0),(0.0, 1.0, 0.0, 0.0)
wallsEdge (11),(-3.0, 0.0, -4.0),(0.0, 1.0, 0.0, 0.0)
wallsEdge (10),(-2.0, 0.0, -4.0),(0.0, 1.0, 0.0, 0.0)
wallsEdge (9),(-1.0, 0.0, -4.0),(0.0, 1.0, 0.0, 0.0)
wallsEdge (8),(0.0, 0.0, -4.0),(0.0, 1.0, 0.0, 0.0)
wallsEdge (7),(1.0, 0.0, -4.0),(0.0, 1.0, 0.0, 0.0)
wallsEdge (6),(2.0, 0.0, -4.0),(0.0, 1.0, 0.0, 0.0)
wallsEdge (5),(3.0, 0.0, -4.0),(0.0, 1.0, 0.0, 0.0)
wallsEdge (4),(4.0, 0.0, -4.0),(0.0, 1.0, 0.0, 0.0)
wallsEdge (3),(4.0, 0.0, -4.0),(0.0, 0.7, 0.0, 0.7)
wallsEdge (2),(4.0, 0.0, -3.0),(0.0, 0.7, 0.0, 0.7)
wallsEdge (1),(4.0, 0.0, -2.0),(0.0, 0.7, 0.0, 0.7)
wallsEdge,(4.0, 0.0, -1.0),(0.0, 0.7, 0.0, 0.7)
WallEdges,(0.0, 0.0, 0.0),(0.0, 0.0, 0.0, 1.0)
door,(4.1, 0.0, 0.0),(0.0, -0.7, 0.0, 0.7)
walls(Clone),(0.0, 0.0, 0.0),(0.0, 0.0, 0.0, 1.0)
Spawner(Clone),(0.0, 0.0, 0.0),(0.0, 0.0, 0.0, 1.0)
GameManager,(0.0, 0.0, 0.0),(0.0, 0.0, 0.0, 1.0)
Main Camera,(0.0, 7.0, 0.0),(0.7, 0.0, 0.0, 0.7)
